{"cameraMode":{"drawMode":0,"name":"Shaded","section":"Shading Mode"},"sceneLighting":false,"audioPlay":false,"sceneViewState":{"showFog":true,"showMaterialUpdate":false,"showSkybox":true,"showFlares":true,"showImageEffects":true,"showParticleSystems":true},"in2DMode":false,"pivot":{"x":1.0479999780654908,"y":2.2060000896453859,"z":0.0},"rotation":{"x":0.022470863536000253,"y":-0.04946707934141159,"z":0.0011126737808808685,"w":0.9985224008560181},"size":2.724651336669922,"orthographic":true}